"id","question_no","question","opt1","opt2","opt3","opt4","answer","quizzname","quizzauthor"
"1","1","update exam","qw","sdf","78653","345465","345465","testingfinal","admin@gmail.com"
"5","1","1st question","1","2","3","4","1","userchecking","admin@gmail.com"
"6","2","Second Question","5","6","7","8","5","userchecking","admin@gmail.com"
"7","3","Third Question","9","10","11","12","9","userchecking","admin@gmail.com"
"8","4","Fourth Question","13","14","15","16","13","userchecking","admin@gmail.com"
"9","1","what is your name ","prem","chand","uday","sai","sai","Prem Exam","admin@gmail.com"
"10","1","what is your name ","prem","chand","sai","uday","sai","time_testing_1","admin@gmail.com"
"11","2","what is your name ","prem","chand","uday","sai","sai","testingfinal","admin@gmail.com"
"12","1","testing question","prem1","prem2","prem3","prem4","prem4","what is what ?","admin@gmail.com"
"13","2","Second Question","sai1","sai2","sai3","sai4","sai2","what is what ?","admin@gmail.com"
"14","1","what is your name ","prem","chand","uday","sai","sai","testing","admin@gmail.com"
"15","2","Second Question","1","2","3","4","3","testing","admin@gmail.com"
"16","0","question","opt1","opt2","opt3","opt4","answer","quizzname","quizzauthor"
"17","101","What is OS","os","os1","os2","os3","OS","testingfinal","dileep@gmail.com"
